{
  "1a-0-hidden" : {"points":2, "question_id":"1a", "is_written":false, "is_coding":true, "is_extra_credit":false, "no_label":false},
  "1a-1-hidden" : {"points":2, "question_id":"1a", "is_written":false, "is_coding":true, "is_extra_credit":false, "no_label":false},
  "1a-2-hidden" : {"points":2, "question_id":"1a", "is_written":false, "is_coding":true, "is_extra_credit":false, "no_label":false},
  "1a-3-hidden" : {"points":2, "question_id":"1a", "is_written":false, "is_coding":true, "is_extra_credit":false, "no_label":false},
  "1a-4-basic" : {"points":0, "question_id":"1a", "is_written":false, "is_coding":true, "is_extra_credit":false, "no_label":false},

  "1b-0-hidden" : {"points":3, "question_id":"1b", "is_written":false, "is_coding":true, "is_extra_credit":false, "no_label":false},
  "1b-1-basic" : {"points":0, "question_id":"1b", "is_written":false, "is_coding":true, "is_extra_credit":false, "no_label":false},

  "1c-0-hidden" : {"points":3, "question_id":"1c", "is_written":false, "is_coding":true, "is_extra_credit":false, "no_label":false},
  "1c-1-basic" : {"points":0, "question_id":"1c", "is_written":false, "is_coding":true, "is_extra_credit":false, "no_label":false},

  "1d-0-hidden" : {"points":3, "question_id":"1d", "is_written":false, "is_coding":true, "is_extra_credit":false, "no_label":false},
  "1d-1-hidden" : {"points":3, "question_id":"1d", "is_written":false, "is_coding":true, "is_extra_credit":false, "no_label":false},

  "2ai-0-hidden" : {"points":2, "question_id":"2a", "is_written":false, "is_coding":true, "is_extra_credit":false, "no_label":false},
  "2ai-1-hidden" : {"points":2, "question_id":"2a", "is_written":false, "is_coding":true, "is_extra_credit":false, "no_label":false},
  "2ai-2-hidden" : {"points":2, "question_id":"2a", "is_written":false, "is_coding":true, "is_extra_credit":false, "no_label":false},
  "2aii-3-hidden" : {"points":2, "question_id":"2a", "is_written":false, "is_coding":true, "is_extra_credit":false, "no_label":false},
  "2aii-4-hidden" : {"points":2, "question_id":"2a", "is_written":false, "is_coding":true, "is_extra_credit":false, "no_label":false},
  "2aii-5-hidden" : {"points":2, "question_id":"2a", "is_written":false, "is_coding":true, "is_extra_credit":false, "no_label":false},
  "2aii-6-basic" : {"points":0, "question_id":"2a", "is_written":false, "is_coding":true, "is_extra_credit":false, "no_label":false},

  "2b-0-hidden" : {"points":3, "question_id":"2b", "is_written":false, "is_coding":true, "is_extra_credit":false, "no_label":false},
  "2b-1-hidden" : {"points":3, "question_id":"2b", "is_written":false, "is_coding":true, "is_extra_credit":false, "no_label":false},
  "2b-2-basic" : {"points":0, "question_id":"2b", "is_written":false, "is_coding":true, "is_extra_credit":false, "no_label":false},

  "2c-0-hidden" : {"points":2, "question_id":"2c", "is_written":false, "is_coding":true, "is_extra_credit":false, "no_label":false},
  "2c-1-basic" : {"points":0, "question_id":"2c", "is_written":false, "is_coding":true, "is_extra_credit":false, "no_label":false}
}